<?xml version="1.0" encoding="utf-8"?>
<TEI xmlns="http://www.tei-c.org/ns/1.0" xmlns:hal="http://hal.archives-ouvertes.fr/">
    <text>
        <body>
            <listBibl>
                <biblFull>
                    <titleStmt>
                        <title xml:lang="en">Test de dépot</title>
                        <author role="aut">
                            <persName>
                                <forename type="first">Julie</forename>
                                <surname>Testeuse</surname>
                            </persName>
                            <affiliation ref="#struct-2"></affiliation>
                        </author>
                    </titleStmt>
                    <editionStmt>
                        <edition>
                            <ref type="file" target="Test.pdf" subtype="author" n="1"/>
                        </edition>
                    </editionStmt>
                    <notesStmt>
                        <note type="commentary">Colloque sur les tests</note>
                        <note type="audience" n="2"/>
                        <note type="invited" n="0"/>
                        <note type="popular" n="0"/>
                        <note type="peer" n="1"/>
                        <note type="proceedings" n="1"/>
                    </notesStmt>
                    <sourceDesc>
                        <biblStruct>
                            <analytic>
                                <title xml:lang="en">Test de dépot</title>
                                <author role="aut">
                                    <persName>
                                        <forename type="first">Julie</forename>
                                        <surname>Testeuse</surname>
                                    </persName>
                                    <affiliation ref="#struct-2"></affiliation>
                                </author>
                            </analytic>
                            <monogr>
                                <meeting>
                                    <title>Test internationaux sur les tests</title>
                                    <date type="start">2016</date>
                                    <settlement>Barcelone</settlement>
                                    <country key="ES"/>
                                </meeting>
                                <respStmt>
                                    <resp>conferenceOrganizer</resp>
                                    <name>Giuseppe Testeur</name>
                                </respStmt>
                                <editor>Giuseppe Editeur et Roana Editeuse</editor>
                                <imprint>
                                    <publisher>Test-Publish</publisher>
                                    <biblScope unit="serie">Lecture Notes in Computer Science</biblScope>
                                    <biblScope unit="volume">3088</biblScope>
                                    <biblScope unit="pp">368-385</biblScope>
                                    <date type="datePub">2004</date>
                                </imprint>
                            </monogr>
                        </biblStruct>
                    </sourceDesc>
                    <profileDesc>
                        <langUsage>
                            <language ident="en"></language>
                        </langUsage>
                        <textClass>
                            <keywords scheme="author">
                                <term xml:lang="en">performance evaluation</term>
                                <term xml:lang="en">symbol recognition</term>
                                <term xml:lang="en">graphical documents</term>
                                <term xml:lang="fr">évaluation de performances</term>
                                <term xml:lang="fr">reconnaissance de symboles</term>
                                <term xml:lang="fr">documents graphiques</term>
                            </keywords>
                            <classCode scheme="halDomain" n="info.info-oh"></classCode>
                            <classCode scheme="halTypology" n="COMM"></classCode>
                        </textClass>
                        <abstract xml:lang="en">Ce soir nous irons au bal. Ce soir nous danserons de plus belle</abstract>
                    </profileDesc>
                </biblFull>
            </listBibl>
        </body>
        <back>
            <listOrg type="structures">
                <org type="laboratory" xml:id="struct-2"/>
            </listOrg>
        </back>
    </text>
</TEI>
